,mean_ap_drop,std_ap_drop
genre,0.10272671649202411,0.007525144071109944
primary_author,0.07635706935041822,0.007807883242411106
edition_count_log,0.06159688823704794,0.0037354388147690285
language_count,0.027082820285449248,0.005793720595653578
primary_publisher,0.026457634059137425,0.004429692171782933
book_age_years,0.022209354111055436,0.0036271170408727392
is_multilingual,0.0016593092031024325,0.001162153886633299
pages_missing,0.001260530154446171,0.0015274675272328683
author_count,0.0006045550412098865,0.0004788119667100081
book_length_category,0.0003295437651627098,0.0007735089731810599
primary_language_grouped,0.0002586888194317627,0.00026953830457680344
has_isbn,-0.00018645238904786422,0.0005697203541813874
pages_log,-0.00043422650053193124,0.002127107054249468
